{
  "train_loss": [
    0.8497799652672949,
    0.6191970219924336,
    0.6034619175784645,
    0.6002550204062745,
    0.44020536120626186,
    0.4300037106232984,
    0.38050406452800545,
    0.38081885887576,
    0.35997539860684247,
    0.3441310530705821,
    0.3298230642851974,
    0.3262839608027467,
    0.28527936887084726,
    0.28410423547029495,
    0.26733111448231195,
    0.26736765253978473,
    0.2510929722449787,
    0.27000119370807496,
    0.2347549364259023,
    0.21617037875001274,
    0.23545525605524226,
    0.22099368680002435,
    0.21098762986782407,
    0.210297351847181,
    0.20063034642399066,
    0.19350838385123229,
    0.20429081513014222,
    0.19251478322604226,
    0.17785925493531285,
    0.1806134576909244,
    0.18177337477737593,
    0.17097812502955398,
    0.17028292853917396,
    0.16767338963802017,
    0.17947100425538207,
    0.17034797006774516,
    0.15811542767499173,
    0.15973324174549253
  ],
  "val_loss": [
    0.5296847638383485,
    0.4822401017903193,
    0.4766841979195538,
    0.4393369992868904,
    0.30511497836588364,
    0.30233999993226846,
    0.3116536581126159,
    0.28436007836615296,
    0.29032715255765973,
    0.2677949070448518,
    0.26910676966496433,
    0.2751507504334279,
    0.25491025918298027,
    0.2496248888733543,
    0.2709932932247446,
    0.252699532193136,
    0.25511706122615385,
    0.2689036073551557,
    0.23215609924553054,
    0.24554570181128005,
    0.22870240394377592,
    0.23405181403914,
    0.22462786261638687,
    0.23853065681188754,
    0.22871554547798914,
    0.2147922085150169,
    0.22048120466422408,
    0.21468477156523563,
    0.2150400658698024,
    0.21500961427240883,
    0.21438254858827846,
    0.21154181829467983,
    0.20904089839734943,
    0.2021970259212808,
    0.1999193966811129,
    0.2094888372128458,
    0.21441505041648173,
    0.2098954744364845
  ],
  "val_dice": [
    0.09256055282527387,
    0.18053096325119208,
    0.1862589682819867,
    0.18534507878290832,
    0.19145929812407317,
    0.19340563613415016,
    0.17229642707182038,
    0.23281045231533468,
    0.3473639535179811,
    0.36514661562020445,
    0.35456860176174365,
    0.3672735515452123,
    0.38484583904032144,
    0.2554940361015932,
    0.24204187364933158,
    0.25494900410153243,
    0.401195584878973,
    0.39600085293528375,
    0.44300813669847366,
    0.2833482215409921,
    0.3077991127607322,
    0.43268921446412245,
    0.47690652680783735,
    0.43703555425419616,
    0.43434789576483135,
    0.4781794906496694,
    0.33025722930722956,
    0.470054171129408,
    0.31378176209914965,
    0.4864038445749599,
    0.320223541495541,
    0.4870099538007707,
    0.5123806143224051,
    0.3435482493028797,
    0.5097725473851753,
    0.3288867336609136,
    0.3362629804887554,
    0.4933106919098653
  ],
  "learning_rate": [
    4e-05,
    8e-05,
    0.00012,
    0.00016,
    0.0002,
    0.00019994535307122556,
    0.00019978147204051651,
    0.0001995085361093739,
    0.0001991268437292312,
    0.0001986368122751021,
    0.00019803897758918722,
    0.0001973339933949382,
    0.00019652263058222102,
    0.00019560577636435907,
    0.00019458443330797843,
    0.00019345971823671613,
    0.00019223286100998962,
    0.0001909052031781638,
    0.00018947819651558533,
    0.00018795340143308857,
    0.00018633248527170953,
    0.0001846172204794725,
    0.0001828094826732446,
    0.000180911248587776,
    0.00017892459391416956,
    0.00017685169103014308,
    0.0001746948066245662,
    0.00017245629921886936,
    0.00017013861658803523,
    0.00016774429308399284,
    0.00016527594686434067,
    0.00016273627702943004,
    0.00016012806067093838,
    0.00015745414983516022,
    0.0001547174684043366,
    0.00015192100889943247,
    0.00014906782920785932,
    0.00014616104923971987
  ]
}