{
  "train_loss": [
    1.1377720922704726,
    0.34407173972281196,
    0.2289529602146811,
    0.21505336185532903,
    0.19450071403786304,
    0.18161002744639676,
    0.16935453158877198,
    0.16363762750748603,
    0.15072228942835142,
    0.1426500434144622,
    0.13117201067507267,
    0.12665858305990696,
    0.11906093469865266,
    0.12172687327164033,
    0.11358169223817569,
    0.11080516052861063,
    0.11145511263656238,
    0.09618173541855954,
    0.10400469337279598,
    0.1040904197235784,
    0.10186528061915721,
    0.08922128318735058,
    0.09500316163111064,
    0.08971375520415013,
    0.0936001443954569,
    0.08872624715080574,
    0.08436109444924764,
    0.07793745989837343,
    0.08540251812646313,
    0.08276819125083941,
    0.07832557139622551,
    0.08133666825643371,
    0.07771705695620132,
    0.07374992400466923,
    0.07528316865985592,
    0.07493769143161083,
    0.07080435524472878,
    0.07118240109689179,
    0.0694521603411034,
    0.07316399216356259,
    0.07111034864589336,
    0.07335985803769694,
    0.06594804751258047,
    0.0694653675891459,
    0.07252507912556803,
    0.06295153710784183,
    0.06091404607933429,
    0.06358752771472884,
    0.06356070554327398,
    0.058214229923332965,
    0.06398839585571772,
    0.05835028161989555,
    0.06639368354623752,
    0.06134405170404722,
    0.05253871662601355,
    0.05700848468150648,
    0.05732944312815865,
    0.05652270372956991
  ],
  "val_loss": [
    0.465353525948331,
    0.2875612635641504,
    0.2744766043359319,
    0.2615328481719351,
    0.25546468847240444,
    0.25549312909917704,
    0.23123335937306316,
    0.22610246272602744,
    0.22426605988936177,
    0.22876875506407954,
    0.21229878760511567,
    0.20817238748126474,
    0.20371450631526009,
    0.20279715137847115,
    0.19699421712777315,
    0.20979499630818926,
    0.20031518968762962,
    0.19878807291199602,
    0.19326593341687448,
    0.19328073259163459,
    0.19131897759961974,
    0.1912744993827557,
    0.19026497144508978,
    0.20365896380674586,
    0.19390725306070902,
    0.1896941074534767,
    0.18099283333678878,
    0.18442484852055024,
    0.1770026543334459,
    0.18054409113733388,
    0.1817891257692272,
    0.18320852200903043,
    0.17959966301600663,
    0.17739166286122243,
    0.17058106389040276,
    0.17694110691199802,
    0.17076844290563833,
    0.17773089583483326,
    0.1734829957806647,
    0.1686557753514083,
    0.18050102464492013,
    0.16878700715869394,
    0.1667831566082748,
    0.17356536348688495,
    0.17022633596189304,
    0.16988283204591056,
    0.16462492896716202,
    0.16983740246792384,
    0.16537460135617132,
    0.1645319163818177,
    0.16563137440845885,
    0.16380966651304407,
    0.16154728073940347,
    0.1653039270386659,
    0.15974232257187035,
    0.1613193047214035,
    0.16566491254150081,
    0.15760793750746738
  ],
  "val_dice": [
    0.21708425932498707,
    0.2385629041736137,
    0.23449752096689722,
    0.37593891449321926,
    0.2608350131976463,
    0.25745076037133036,
    0.45015391063868904,
    0.44212540017030105,
    0.4444995095600563,
    0.458418154628218,
    0.47713493999640466,
    0.4796973358373008,
    0.48945653996276683,
    0.4963860248982751,
    0.5053457752590756,
    0.497244116142759,
    0.5028654735121251,
    0.5162826711593492,
    0.5139563029781733,
    0.5283123158208384,
    0.5148935635584175,
    0.5205141589761924,
    0.5235262719806415,
    0.504360565706172,
    0.5208120395827713,
    0.5214481807748903,
    0.5388495233545887,
    0.5602146939688808,
    0.5440195133756042,
    0.5494489330866845,
    0.5472111417423084,
    0.5549779815774729,
    0.5479912712924125,
    0.5558726805680851,
    0.5774809074350173,
    0.5527624144209559,
    0.5776897730153558,
    0.5722364193575344,
    0.5612699916994599,
    0.5672716358262863,
    0.5418924562585818,
    0.38751153864752746,
    0.3782899730495634,
    0.3770221507509109,
    0.5618494299871263,
    0.5628095298745547,
    0.5890196822279941,
    0.5942275227323306,
    0.5744832694147026,
    0.5916292098031424,
    0.5695454330602434,
    0.5772389114657631,
    0.5936158487299192,
    0.5733184359314895,
    0.5840442436000367,
    0.3862490012860202,
    0.5692826492868981,
    0.5873406169407906
  ],
  "learning_rate": [
    4e-05,
    8e-05,
    0.00012,
    0.00016,
    0.0002,
    0.00019994535307122556,
    0.00019978147204051651,
    0.0001995085361093739,
    0.0001991268437292312,
    0.0001986368122751021,
    0.00019803897758918722,
    0.0001973339933949382,
    0.00019652263058222102,
    0.00019560577636435907,
    0.00019458443330797843,
    0.00019345971823671613,
    0.00019223286100998962,
    0.0001909052031781638,
    0.00018947819651558533,
    0.00018795340143308857,
    0.00018633248527170953,
    0.0001846172204794725,
    0.0001828094826732446,
    0.000180911248587776,
    0.00017892459391416956,
    0.00017685169103014308,
    0.0001746948066245662,
    0.00017245629921886936,
    0.00017013861658803523,
    0.00016774429308399284,
    0.00016527594686434067,
    0.00016273627702943004,
    0.00016012806067093838,
    0.00015745414983516022,
    0.0001547174684043366,
    0.00015192100889943247,
    0.00014906782920785932,
    0.00014616104923971987,
    0.00014320384751623236,
    0.00014019945769406432,
    0.00013715116502937617,
    0.00013406230278544223,
    0.000130936248587776,
    0.00012777642073074638,
    0.0001245862744397229,
    0.0001213692980928375,
    0.0001181290094064944,
    0.00011486895158879862,
    0.00011159268946511017,
    0.00010830380557995964,
    0.00010500589627958858,
    0.00010170256777939755,
    9.839743222060248e-05,
    9.509410372041143e-05,
    9.17961944200404e-05,
    8.850731053488987e-05,
    8.523104841120138e-05,
    8.197099059350565e-05
  ]
}