{
  "train": {
    "epochs": 47,
    "initial_loss": 0.09654822200536728,
    "final_loss": 0.005055499263107777,
    "min_loss": 0.005055499263107777,
    "mean_loss": 0.00848370896493818,
    "std_loss": 0.013093816366126472
  },
  "validation": {
    "epochs": 47,
    "initial_loss": 0.0157844927161932,
    "final_loss": 0.0055713532492518425,
    "best_loss": 0.005277853924781084,
    "best_epoch": 31,
    "mean_loss": 0.006449642412840051,
    "std_loss": 0.0016298234617762154
  }
}