{
  "train": {
    "epochs": 51,
    "initial_loss": 0.0808463841676712,
    "final_loss": 0.005064431577920914,
    "min_loss": 0.005064431577920914,
    "mean_loss": 0.008092200794421574,
    "std_loss": 0.010426971777807567
  },
  "validation": {
    "epochs": 51,
    "initial_loss": 0.013403521850705147,
    "final_loss": 0.005447760224342346,
    "best_loss": 0.005340075585991144,
    "best_epoch": 35,
    "mean_loss": 0.006180340898971932,
    "std_loss": 0.0013170074229475715
  }
}