{
  "train_loss": [
    1.551485882273742,
    1.0193197737847055,
    0.9634322634055501,
    0.9164486325212887,
    0.893095324082034,
    0.8462862755571093,
    0.7406417606841951,
    0.7195884493135271,
    0.7028240057684126,
    0.6593440143125398,
    0.6423926874995232,
    0.6075278463817778,
    0.6006002466948259,
    0.57128041397248,
    0.5453895390743301,
    0.5258886883301395,
    0.5066465813489187,
    0.5016221107826346,
    0.49736101517365094,
    0.4928668953833126,
    0.4685950513396944,
    0.5115011577450094,
    0.46339379038129536,
    0.47286173257799374,
    0.45405953998366994,
    0.44327475166036967,
    0.4553676742528166,
    0.4221155702003411,
    0.44467075470657574,
    0.4397695449491342,
    0.44180280679748174,
    0.4374422062010992,
    0.4279278341148581,
    0.42947902743305477,
    0.4121683623109545,
    0.4045216065077555,
    0.4146245689619155,
    0.40499530803589595,
    0.41154007915230023,
    0.3785331619992143,
    0.39114351606085185,
    0.3688924951212747,
    0.37288033305889084,
    0.3694742729976064,
    0.366392166664203,
    0.3713567918610005,
    0.3579234546493916,
    0.36977534936297507,
    0.2596836680369008,
    0.18016200384036415,
    0.1712624955523227,
    0.16675871118370975,
    0.15282083936922608
  ],
  "val_loss": [
    0.6538848187462561,
    0.6314828585907023,
    0.6091917349504735,
    0.5776604364088863,
    0.5588822308105602,
    0.5510156111539408,
    0.5379114428611651,
    0.5156571917700804,
    0.5161043712628305,
    0.49251370887233786,
    0.4937926608405701,
    0.4994691100476176,
    0.4726014163577575,
    0.4642147782458562,
    0.4921136539049526,
    0.4666322236781432,
    0.4644491125232734,
    0.4451183702575562,
    0.44435394595021344,
    0.43884829564453803,
    0.46303314308506893,
    0.44858798303016245,
    0.44396544927149967,
    0.4440514680275997,
    0.4313161764832574,
    0.432274938196715,
    0.4375575294369432,
    0.4269761529778055,
    0.4220472080477115,
    0.41964263880633873,
    0.41552995841615636,
    0.4181593198164776,
    0.417216005594763,
    0.4228636948576075,
    0.4168946755259004,
    0.41358832012482066,
    0.42464271729848885,
    0.41152140026404616,
    0.4115585298525507,
    0.4135452648638953,
    0.4079913628291866,
    0.4141618803347627,
    0.41410990515256035,
    0.40816255696287984,
    0.3978694969025558,
    0.3999864752978495,
    0.40035602225832745,
    0.3759944919990078,
    0.2544675982037001,
    0.23086103019297485,
    0.22536628074445045,
    0.225264366364597,
    0.21589080437654956
  ],
  "val_dice": [
    0.17172870296041268,
    0.1808922332239097,
    0.20064879780579262,
    0.22466721912910634,
    0.2291063065462707,
    0.23683364521190534,
    0.2559824273120947,
    0.26125834256572694,
    0.2623386022482524,
    0.2796802833471723,
    0.26968585125561423,
    0.264934146769806,
    0.3052540397135401,
    0.31175557247136276,
    0.28443485695678294,
    0.2976952634137718,
    0.318365592218581,
    0.3315023938651351,
    0.3284667588782723,
    0.3380306263234359,
    0.29830160440232945,
    0.3170921706832376,
    0.32740401864686913,
    0.32353622110239805,
    0.3373561270317762,
    0.3350161213892225,
    0.33171634724692506,
    0.3429402694464116,
    0.3537764561984495,
    0.3531737414730108,
    0.35893387985194525,
    0.3549095140340621,
    0.36013392538092415,
    0.35655233468154535,
    0.3546330038602052,
    0.3590403919660359,
    0.35450090209120777,
    0.3617634599857074,
    0.3608962409951757,
    0.36378963156025407,
    0.3708744463681876,
    0.3660597047368123,
    0.3647763402604363,
    0.36848156040275865,
    0.3784544797717824,
    0.3719477336342838,
    0.3728786854465133,
    0.3712460869455638,
    0.3722406953306272,
    0.372448151681622,
    0.37275410939689296,
    0.3694805785129886,
    0.3745512405079812
  ],
  "learning_rate": [
    1.25e-05,
    2.5e-05,
    3.7500000000000003e-05,
    5e-05,
    6.25e-05,
    7.500000000000001e-05,
    8.75e-05,
    0.0001,
    9.997088026719039e-05,
    9.988355502106744e-05,
    9.973812607896183e-05,
    9.953476300451473e-05,
    9.927370290997398e-05,
    9.895525017973204e-05,
    9.857977611542718e-05,
    9.814771850302259e-05,
    9.765958110236734e-05,
    9.711593305983509e-05,
    9.651740824472477e-05,
    9.586470451019739e-05,
    9.515858287961041e-05,
    9.439986665919865e-05,
    9.358944047813593e-05,
    9.272824925709711e-05,
    9.181729710652282e-05,
    9.085764615587158e-05,
    8.985041531522443e-05,
    8.879677897068577e-05,
    8.76979656151017e-05,
    8.655525641569231e-05,
    8.536998372026805e-05,
    8.414352950377179e-05,
    8.287732375695773e-05,
    8.157284281908634e-05,
    8.023160765657867e-05,
    7.885518208963763e-05,
    7.744517096890348e-05,
    7.600321830426991e-05,
    7.453100534804198e-05,
    7.303024863467105e-05,
    7.15026979793526e-05,
    6.995013443781977e-05,
    6.837436822971218e-05,
    6.677723662794075e-05,
    6.516060181650975e-05,
    6.352634871929337e-05,
    6.187638280229902e-05,
    6.021262785197907e-05,
    5.853702373218191e-05,
    5.685152412235753e-05,
    5.515809423965461e-05,
    5.345870854756532e-05,
    5.17553484537891e-05
  ]
}